temperature_c,rmax_kohm,rcent_kohm,rmin_kohm
-40,211.6797,203.3645,195.3564
-39,199.8413,192.1006,184.6412
-38,188.7440,181.5357,174.5853
-37,178.3366,171.6222,165.1440
-36,168.5719,162.3156,156.2759
-35,159.4063,153.5751,147.9425
-34,150.7991,145.3627,140.1082
-33,142.7130,137.6431,132.7401
-32,135.1131,130.3838,125.8075
-31,127.9672,123.5545,119.2821
-30,121.2454,117.1271,113.1373
-29,114.9199,111.0754,107.3487
-28,108.9650,105.3752,101.8934
-27,103.3567,100.0040,96.7503
-26,98.0728,94.9408,91.8995
-25,93.0925,90.1660,87.3228
-24,88.3965,85.6615,83.0029
-23,83.9669,81.4104,78.9239
-22,79.7871,77.3970,75.0710
-21,75.8414,73.6065,71.4302
-20,72.1155,70.0252,67.9888
-19,68.5956,66.6404,64.7344
-18,65.2693,63.4401,61.6560
-17,62.1248,60.4132,58.7430
-16,59.1510,57.5493,55.9854
-15,56.3377,54.8387,53.3742
-14,53.6754,52.2723,50.9007
-13,51.1550,49.8415,48.5568
-12,48.7682,47.5385,46.3351
-11,46.5072,45.3557,44.2284
-10,44.3645,43.2863,42.2301
-9,42.3334,41.3237,40.3341
-8,40.4074,39.4618,38.5346
-7,38.5804,37.6949,36.8260
-6,36.8469,36.0175,35.2033
-5,35.2014,34.4247,33.6617
-4,33.6392,32.9117,32.1967
-3,32.1554,31.4740,30.8041
-2,30.7457,30.1076,29.4798
-1,29.4060,28.8084,28.2202
0,28.1325,27.5729,27.0217
1,26.9215,26.3975,25.8810
2,25.7696,25.2789,24.7951
3,24.6736,24.2142,23.7610
4,23.6305,23.2005,22.7760
5,22.6375,22.2349,21.8374
6,21.6918,21.3151,20.9428
7,20.7910,20.4385,20.0900
8,19.9327,19.6029,19.2767
9,19.1147,18.8062,18.5010
10,18.3348,18.0464,17.7608
11,17.5911,17.3215,17.0544
12,16.8818,16.6298,16.3800
13,16.2050,15.9696,15.7361
14,15.5590,15.3392,15.1210
15,14.9424,14.7372,14.5334
16,14.3537,14.1622,13.9719
17,13.7914,13.6128,13.4351
18,13.2542,13.0877,12.9220
19,12.7408,12.5857,12.4312
20,12.2502,12.1057,11.9618
21,11.7811,11.6467,11.5126
22,11.3325,11.2075,11.0828
23,10.9034,10.7873,10.6713
24,10.4929,10.3850,10.2773
25,10.1000,10.0000,9.9000
26,9.7313,9.6313,9.5314
27,9.3780,9.2782,9.1785
28,9.0394,8.9398,8.8405
29,8.7148,8.6157,8.5168
30,8.4036,8.3050,8.2067
31,8.1052,8.0071,7.9095
32,7.8189,7.7215,7.6246
33,7.5443,7.4476,7.3515
34,7.2808,7.1849,7.0896
35,7.0278,6.9328,6.8384
36,6.7850,6.6908,6.5974
37,6.5518,6.4586,6.3661
38,6.3278,6.2356,6.1442
39,6.1127,6.0215,5.9311
40,5.9059,5.8159,5.7266
41,5.7073,5.6183,5.5301
42,5.5163,5.4284,5.3414
43,5.3327,5.2460,5.1601
44,5.1562,5.0706,4.9859
45,4.9864,4.9020,4.8185
46,4.8231,4.7398,4.6575
47,4.6659,4.5838,4.5027
48,4.5147,4.4338,4.3539
49,4.3691,4.2894,4.2107
50,4.2290,4.1504,4.0730
51,4.0940,4.0167,3.9404
52,3.9641,3.8879,3.8128
53,3.8389,3.7639,3.6901
54,3.7183,3.6445,3.5718
55,3.6021,3.5295,3.4580
56,3.4901,3.4186,3.3483
57,3.3821,3.3118,3.2427
58,3.2780,3.2089,3.1409
59,3.1777,3.1097,3.0428
60,3.0809,3.0140,2.9483
61,2.9875,2.9218,2.8572
62,2.8974,2.8328,2.7693
63,2.8105,2.7470,2.6846
64,2.7266,2.6642,2.6029
65,2.6456,2.5842,2.5240
66,2.5675,2.5071,2.4480
67,2.4920,2.4327,2.3745
68,2.4191,2.3608,2.3037
69,2.3487,2.2914,2.2353
70,2.2807,2.2244,2.1693
71,2.2149,2.1596,2.1055
72,2.1514,2.0971,2.0440
73,2.0900,2.0367,1.9845
74,2.0307,1.9783,1.9270
75,1.9733,1.9218,1.8715
76,1.9178,1.8673,1.8178
77,1.8642,1.8145,1.7660
78,1.8123,1.7635,1.7158
79,1.7621,1.7142,1.6673
80,1.7135,1.6664,1.6205
81,1.6665,1.6203,1.5751
82,1.6210,1.5756,1.5313
83,1.5770,1.5324,1.4889
84,1.5344,1.4905,1.4478
85,1.4931,1.4500,1.4081
86,1.4531,1.4108,1.3696
87,1.4144,1.3729,1.3324
88,1.3769,1.3361,1.2964
89,1.3406,1.3005,1.2615
90,1.3054,1.2660,1.2277
91,1.2713,1.2326,1.1950
92,1.2382,1.2002,1.1633
93,1.2062,1.1689,1.1326
94,1.1751,1.1384,1.1028
95,1.1450,1.1090,1.0740
96,1.1157,1.0804,1.0460
97,1.0874,1.0527,1.0190
98,1.0599,1.0258,0.9927
99,1.0333,0.9998,0.9672
100,1.0074,0.9745,0.9425
101,0.9823,0.9500,0.9186
102,0.9579,0.9262,0.8953
103,0.9343,0.9031,0.8728
104,0.9114,0.8807,0.8509
105,0.8891,0.8589,0.8297
106,0.8674,0.8378,0.8091
107,0.8464,0.8173,0.7891
108,0.8260,0.7974,0.7697
109,0.8062,0.7781,0.7509
110,0.7869,0.7593,0.7326
111,0.7682,0.7411,0.7148
112,0.7501,0.7234,0.6976
113,0.7324,0.7062,0.6808
114,0.7152,0.6895,0.6645
115,0.6985,0.6732,0.6487
116,0.6823,0.6574,0.6334
117,0.6665,0.6421,0.6184
118,0.6512,0.6271,0.6039
119,0.6363,0.6126,0.5898
120,0.6218,0.5985,0.5761
121,0.6077,0.5848,0.5628
122,0.5939,0.5715,0.5498
123,0.5806,0.5585,0.5372
124,0.5676,0.5459,0.5249
125,0.5550,0.5336,0.5130
126,0.5426,0.5216,0.5014
127,0.5307,0.5100,0.4901
128,0.5190,0.4987,0.4791
129,0.5077,0.4877,0.4684
130,0.4966,0.4770,0.4580
131,0.4858,0.4665,0.4479
132,0.4754,0.4563,0.4380
133,0.4652,0.4464,0.4285
134,0.4552,0.4368,0.4191
135,0.4455,0.4274,0.4100
136,0.4361,0.4183,0.4012
137,0.4269,0.4094,0.3925
138,0.4179,0.4007,0.3841
139,0.4092,0.3922,0.3759
140,0.4007,0.3840,0.3680
141,0.3924,0.3760,0.3602
142,0.3843,0.3681,0.3526
143,0.3764,0.3605,0.3452
144,0.3687,0.3531,0.3380
145,0.3612,0.3458,0.3310
146,0.3539,0.3387,0.3242
147,0.3468,0.3319,0.3175
148,0.3398,0.3251,0.3110
149,0.3330,0.3186,0.3047
150,0.3264,0.3122,0.2985
151,0.3200,0.3059,0.2925
152,0.3137,0.2999,0.2866
153,0.3075,0.2939,0.2809
154,0.3015,0.2881,0.2753
155,0.2956,0.2825,0.2698
156,0.2899,0.2769,0.2645
157,0.2843,0.2716,0.2593
158,0.2789,0.2663,0.2542
159,0.2736,0.2612,0.2493
160,0.2684,0.2562,0.2445
161,0.2633,0.2513,0.2397
162,0.2583,0.2465,0.2351
163,0.2535,0.2418,0.2306
164,0.2488,0.2373,0.2263
165,0.2441,0.2328,0.2220
166,0.2396,0.2285,0.2178
167,0.2352,0.2242,0.2137
168,0.2309,0.2201,0.2097
169,0.2267,0.2160,0.2058
170,0.2226,0.2120,0.2020
171,0.2185,0.2082,0.1983
172,0.2146,0.2044,0.1946
173,0.2108,0.2007,0.1911
174,0.2070,0.1971,0.1876
175,0.2033,0.1935,0.1842
176,0.1997,0.1901,0.1809
177,0.1962,0.1867,0.1776
178,0.1928,0.1834,0.1744
179,0.1894,0.1802,0.1713
180,0.1861,0.1770,0.1683
181,0.1829,0.1739,0.1653
182,0.1798,0.1709,0.1624
183,0.1767,0.1679,0.1596
184,0.1737,0.1650,0.1568
185,0.1707,0.1622,0.1541
186,0.1678,0.1594,0.1515
187,0.1650,0.1567,0.1489
188,0.1623,0.1541,0.1463
189,0.1596,0.1515,0.1438
190,0.1569,0.1490,0.1414
191,0.1543,0.1465,0.1390
192,0.1518,0.1440,0.1367
193,0.1493,0.1417,0.1344
194,0.1469,0.1393,0.1322
195,0.1445,0.1370,0.1300
196,0.1421,0.1348,0.1278
197,0.1399,0.1326,0.1257
198,0.1376,0.1305,0.1237
199,0.1354,0.1284,0.1217
200,0.1333,0.1263,0.1197
201,0.1312,0.1243,0.1178
202,0.1291,0.1223,0.1159
203,0.1271,0.1204,0.1140
204,0.1251,0.1185,0.1122
205,0.1232,0.1166,0.1104
206,0.1213,0.1148,0.1087
207,0.1194,0.1130,0.1070
208,0.1176,0.1113,0.1053
209,0.1158,0.1096,0.1037
210,0.1140,0.1079,0.1021
211,0.1123,0.1063,0.1005
212,0.1106,0.1046,0.0990
213,0.1090,0.1031,0.0975
214,0.1074,0.1015,0.0960
215,0.1058,0.1000,0.0945
216,0.1042,0.0985,0.0931
217,0.1027,0.0971,0.0917
218,0.1012,0.0956,0.0904
219,0.0997,0.0942,0.0890
220,0.0983,0.0928,0.0877
221,0.0968,0.0915,0.0864
222,0.0955,0.0902,0.0852
223,0.0941,0.0889,0.0839
224,0.0928,0.0876,0.0827
225,0.0914,0.0863,0.0815
226,0.0902,0.0851,0.0803
227,0.0889,0.0839,0.0792
228,0.0877,0.0827,0.0781
229,0.0864,0.0816,0.0770
230,0.0852,0.0804,0.0759
231,0.0841,0.0793,0.0748
232,0.0829,0.0782,0.0738
233,0.0818,0.0771,0.0727
234,0.0807,0.0761,0.0717
235,0.0796,0.0750,0.0707
236,0.0785,0.0740,0.0698
237,0.0775,0.0730,0.0688
238,0.0764,0.0720,0.0679
239,0.0754,0.0711,0.0670
240,0.0744,0.0701,0.0661
241,0.0735,0.0692,0.0652
242,0.0725,0.0683,0.0643
243,0.0716,0.0674,0.0635
244,0.0706,0.0665,0.0626
245,0.0697,0.0656,0.0618
246,0.0688,0.0648,0.0610
247,0.0679,0.0640,0.0602
248,0.0671,0.0631,0.0594
249,0.0662,0.0623,0.0587
250,0.0654,0.0615,0.0579
251,0.0646,0.0608,0.0572
252,0.0638,0.0600,0.0564
253,0.0630,0.0592,0.0557
254,0.0622,0.0585,0.0550
255,0.0614,0.0578,0.0543
256,0.0607,0.0571,0.0537
257,0.0600,0.0564,0.0530
258,0.0592,0.0557,0.0523
259,0.0585,0.0550,0.0517
260,0.0578,0.0543,0.0511
261,0.0571,0.0537,0.0504
262,0.0565,0.0530,0.0498
263,0.0558,0.0524,0.0492
264,0.0551,0.0518,0.0486
265,0.0545,0.0512,0.0481
266,0.0539,0.0506,0.0475
267,0.0532,0.0500,0.0469
268,0.0526,0.0494,0.0464
269,0.0520,0.0488,0.0458
270,0.0514,0.0483,0.0453
271,0.0508,0.0477,0.0448
272,0.0503,0.0472,0.0443
273,0.0497,0.0466,0.0438
274,0.0491,0.0461,0.0433
275,0.0486,0.0456,0.0428
276,0.0481,0.0451,0.0423
277,0.0475,0.0446,0.0418
278,0.0470,0.0441,0.0413
279,0.0465,0.0436,0.0409
280,0.0460,0.0431,0.0404
281,0.0455,0.0427,0.0400
282,0.0450,0.0422,0.0395
283,0.0445,0.0417,0.0391
284,0.0441,0.0413,0.0387
285,0.0436,0.0408,0.0383
286,0.0431,0.0404,0.0379
287,0.0427,0.0400,0.0375
288,0.0422,0.0396,0.0371
289,0.0418,0.0392,0.0367
290,0.0414,0.0387,0.0363
291,0.0409,0.0383,0.0359
292,0.0405,0.0379,0.0355
293,0.0401,0.0376,0.0352
294,0.0397,0.0372,0.0348
295,0.0393,0.0368,0.0344
296,0.0389,0.0364,0.0341
297,0.0385,0.0361,0.0337
298,0.0382,0.0357,0.0334
299,0.0378,0.0353,0.0331
300,0.0374,0.0350,0.0327
